ID,phone
1,0123456789
2,9876543210
3,0612345678
1,0123456789
2,9876543210
3,0612345678
1,0123456789
2,9876543210
3,0612345678
1,0123456789
2,9876543210
3,0612345678
1,0123456789
2,9876543210
3,0612345678
1,0123456789
2,9876543210
3,0612345678
1,0123456789
2,9876543210
3,0612345678
1,0123456789
2,9876543210
3,0612345678
1,0123456789
2,9876543210
3,0612345678
1,0123456789
2,9876543210
3,0612345678
1,0123456789
2,9876543210
3,0612345678
1,0123456789
2,9876543210
3,0612345678
1,0123456789
2,9876543210
3,0612345678
1,0123456789
2,9876543210
3,0612345678
1,0123456789
2,9876543210
3,0612345678
1,0123456789
2,9876543210
3,0612345678
1,0123456789
2,9876543210
3,0612345678
1,0123456789
2,9876543210
3,0612345678
1,0123456789
2,9876543210
3,0612345678
1,0123456789
2,9876543210
3,0612345678
1,0123456789
2,9876543210
3,0612345678
1,0123456789
2,9876543210
3,0612345678
1,0123456789
2,9876543210
3,0612345678
1,0123456789
2,9876543210
3,0612345678
1,0123456789
2,9876543210
3,0612345678
1,0123456789
2,9876543210
3,0612345678
1,0123456789
2,9876543210
3,0612345678
1,0123456789
2,9876543210
3,0612345678
1,0123456789
2,9876543210
3,0612345678
1,0123456789
2,9876543210
3,0612345678
1,0123456789
2,9876543210
3,0612345678
1,0123456789
2,9876543210
3,0612345678
1,0123456789
2,9876543210

ID,phone
1,0123456789
2,9876543210
3,0612345678
1,0123456789
2,9876543210
3,0612345678
1,0123456789
2,9876543210
3,0612345678
1,0123456789
2,9876543210
3,0612345678
1,0123456789
2,9876543210
3,0612345678
1,0123456789
2,9876543210
3,0612345678
1,0123456789
2,9876543210
3,0612345678
1,0123456789
2,9876543210
3,0612345678
1,0123456789
2,9876543210
3,0612345678
1,0123456789
2,9876543210
3,0612345678
1,0123456789
2,9876543210
3,0612345678
1,0123456789
2,9876543210
3,0612345678
1,0123456789
2,9876543210
3,0612345678
1,0123456789
2,9876543210
3,0612345678
1,0123456789
2,9876543210
3,0612345678
1,0123456789
2,9876543210
3,0612345678
1,0123456789
2,9876543210
3,0612345678
1,0123456789
2,9876543210
3,0612345678
1,0123456789
2,9876543210
3,0612345678
1,0123456789
2,9876543210
3,0612345678
1,0123456789
2,9876543210
3,0612345678
1,0123456789
2,9876543210
3,0612345678
1,0123456789
2,9876543210
3,0612345678
1,0123456789
2,9876543210
3,0612345678
1,0123456789
2,9876543210
3,0612345678
1,0123456789
2,9876543210
3,0612345678
1,0123456789
2,9876543210
3,0612345678
1,0123456789
2,9876543210
3,0612345678
1,0123456789
2,9876543210
3,0612345678
1,0123456789
2,9876543210
3,0612345678
1,0123456789
2,9876543210
3,0612345678
1,0123456789
2,9876543210
3,0612345678
1,0123456789
2,9876543210
ID,phone
1,0123456789
2,9876543210
3,0612345678
1,0123456789
2,9876543210
3,0612345678
1,0123456789
2,9876543210
3,0612345678
1,0123456789
2,9876543210
3,0612345678
1,0123456789
2,9876543210
3,0612345678
1,0123456789
2,9876543210
3,0612345678
1,0123456789
2,9876543210
3,0612345678
1,0123456789
2,9876543210
3,0612345678
1,0123456789
2,9876543210
3,0612345678
1,0123456789
2,9876543210
3,0612345678
1,0123456789
2,9876543210
3,0612345678
1,0123456789
2,9876543210
3,0612345678
1,0123456789
2,9876543210
3,0612345678
1,0123456789
2,9876543210
3,0612345678
1,0123456789
2,9876543210
3,0612345678
1,0123456789
2,9876543210
3,0612345678
1,0123456789
2,9876543210
3,0612345678
1,0123456789
2,9876543210
3,0612345678
1,0123456789
2,9876543210
3,0612345678
1,0123456789
2,9876543210
3,0612345678
1,0123456789
2,9876543210
3,0612345678
1,0123456789
2,9876543210
3,0612345678
1,0123456789
2,9876543210
3,0612345678
1,0123456789
2,9876543210
3,0612345678
1,0123456789
2,9876543210
3,0612345678
1,0123456789
2,9876543210
3,0612345678
1,0123456789
2,9876543210
3,0612345678
1,0123456789
2,9876543210
3,0612345678
1,0123456789
2,9876543210
3,0612345678
1,0123456789
2,9876543210
3,0612345678
1,0123456789
2,9876543210
3,0612345678
1,0123456789
2,9876543210
3,0612345678
1,0123456789
2,9876543210
ID,phone
1,0123456789
2,9876543210
3,0612345678
1,0123456789
2,9876543210
3,0612345678
1,0123456789
2,9876543210
3,0612345678
1,0123456789
2,9876543210
3,0612345678
1,0123456789
2,9876543210
3,0612345678
1,0123456789
2,9876543210
3,0612345678
1,0123456789
2,9876543210
3,0612345678
1,0123456789
2,9876543210
3,0612345678
1,0123456789
2,9876543210
3,0612345678
1,0123456789
2,9876543210
3,0612345678
1,0123456789
2,9876543210
3,0612345678
1,0123456789
2,9876543210
3,0612345678
1,0123456789
2,9876543210
3,0612345678
1,0123456789
2,9876543210
3,0612345678
1,0123456789
2,9876543210
3,0612345678
1,0123456789
2,9876543210
3,0612345678
1,0123456789
2,9876543210
3,0612345678
1,0123456789
2,9876543210
3,0612345678
1,0123456789
2,9876543210
3,0612345678
1,0123456789
2,9876543210
3,0612345678
1,0123456789
2,9876543210
3,0612345678
1,0123456789
2,9876543210
3,0612345678
1,0123456789
2,9876543210
3,0612345678
1,0123456789
2,9876543210
3,0612345678
1,0123456789
2,9876543210
3,0612345678
1,0123456789
2,9876543210
3,0612345678
1,0123456789
2,9876543210
3,0612345678
1,0123456789
2,9876543210
3,0612345678
1,0123456789
2,9876543210
3,0612345678
1,0123456789
2,9876543210
3,0612345678
1,0123456789
2,9876543210
3,0612345678
1,0123456789
2,9876543210
3,0612345678
1,0123456789
2,9876543210
